<?xml version = "1.0"?>
<GameData>
<!-- screenTitle is also used to identify you and your animation. 
     So make sure to include your name as part of the screenTitle -->
<title>The Tracker Framework</title>
<maxStringSize>50</maxStringSize>

<frameCapOn>true</frameCapOn>
<period>17</period>

<maxFrames>300</maxFrames>
<username>dpebble</username>

<numberOfMoons>5</numberOfMoons>

<view>
  <width>1000</width>
  <height>600</height>
</view>

<world>
  <width>1280</width>
  <height>960</height>
</world>

<bars>
  <file>assets/bars2.png</file>
  <factor>1</factor>
  <transparency>false</transparency>
</bars>

<cell>
  <file>assets/cell.png</file>
  <factor>2</factor>
  <transparency>false</transparency>
</cell>

<wind>
  <file>assets/mount.png</file>
  <factor>3</factor>
  <transparency>false</transparency>
</wind>

<font name="font">
  <file>fonts/arial.ttf</file>
  <size>24</size>
  <red>255</red>
  <green>0</green>
  <blue>0</blue>
  <alpha>0</alpha>
</font>

<Bat>
  <file>assets/bat2.png</file>
  <startLoc x="900" y="350"/>
  <frames>4</frames>
  
  <imageWidth>75</imageWidth>
  <imageHeight>54</imageHeight>
  <frameInterval>50</frameInterval>
  <speedX>200</speedX>
  <speedY>200</speedY>
  <transparency>false</transparency>
</Bat>


<Hud>
  <width> 1000 </width>
  <height> 200 </height>
  <location x="0" y="0"/>
  <text> WASD to Move and F1 to close the HUD</text>

</Hud>

<explosion1>
  <file>assets/explode1.png</file>
  <startLoc x="460" y="270"/>
  <frames>20</frames>
  <frameInterval>100</frameInterval>
  <speedX>0</speedX>
  <speedY>0</speedY>
  <imageWidth>96</imageWidth>
  <imageHeight>96</imageHeight>
  <transparency>false</transparency>
</explosion1>



<BatRight>
  <file>assets/batsRight.png</file>
  <startLoc x="50" y="140"/>
  <frames>4</frames>
   <bulletName>bullet</bulletName>
  <imageWidth>75</imageWidth>
  <imageHeight>54</imageHeight>
  <frameInterval>50</frameInterval>
  <speedX>400</speedX>
  <speedY>400</speedY>
  <transparency>false</transparency>
  
  
</BatRight>

<BatRightLeft>
  <file>assets/batsLeft.png</file>
  <startLoc x="50" y="200"/>
  <frames>4</frames>
  <bulletName>bullet</bulletName>
  <imageWidth>75</imageWidth>
  <imageHeight>54</imageHeight>
  <frameInterval>50</frameInterval>
  <speedX>200</speedX>
  <speedY>200</speedY>
  <transparency>false</transparency>
</BatRightLeft>

<bullet>
  <file>assets/blue.png</file>
  <speedX>299</speedX>
  <speedY>299</speedY>
  <frameSpeed>150</frameSpeed>
  <min>200</min>
  <strategy>perpixel</strategy>
  <transparency>false</transparency>
  <distance>200</distance>
</bullet>

<Moon>
  <file>assets/key.png</file>
  <startLoc x="400" y="140"/>
  <speedX>199</speedX>
  <speedY>199</speedY>
  <safeDistance>150</safeDistance>
  <transparency>false</transparency>
  <chunk>
    <size>9</size>
    <distance>200</distance>
  </chunk>
</Moon>

</GameData>
